user_id,login_date
1,2025-03-02
1,2025-03-04
1,2025-03-05
1,2025-03-06
1,2025-03-07
1,2025-03-08
1,2025-03-10
1,2025-03-11
1,2025-03-13
1,2025-03-14
1,2025-03-16
1,2025-03-17
1,2025-03-18
1,2025-03-19
1,2025-03-20
1,2025-03-24
1,2025-03-25
1,2025-03-26
1,2025-03-27
1,2025-03-28
1,2025-03-29
1,2025-03-30
2,2025-03-02
2,2025-03-03
2,2025-03-04
2,2025-03-05
2,2025-03-06
2,2025-03-07
2,2025-03-09
2,2025-03-12
2,2025-03-13
2,2025-03-16
2,2025-03-17
2,2025-03-18
2,2025-03-20
2,2025-03-22
2,2025-03-23
2,2025-03-24
2,2025-03-25
2,2025-03-30
3,2025-03-02
3,2025-03-03
3,2025-03-04
3,2025-03-05
3,2025-03-07
3,2025-03-08
3,2025-03-10
3,2025-03-11
3,2025-03-12
3,2025-03-14
3,2025-03-17
3,2025-03-19
3,2025-03-22
3,2025-03-23
3,2025-03-25
4,2025-03-02
4,2025-03-04
4,2025-03-05
4,2025-03-06
4,2025-03-09
4,2025-03-12
4,2025-03-13
4,2025-03-14
4,2025-03-16
4,2025-03-18
4,2025-03-19
4,2025-03-22
4,2025-03-23
4,2025-03-24
4,2025-03-26
4,2025-03-27
4,2025-03-28
4,2025-03-30
5,2025-03-01
5,2025-03-05
5,2025-03-07
5,2025-03-08
5,2025-03-09
5,2025-03-10
5,2025-03-11
5,2025-03-13
5,2025-03-14
5,2025-03-15
5,2025-03-18
5,2025-03-20
5,2025-03-22
5,2025-03-23
5,2025-03-24
5,2025-03-25
5,2025-03-27
5,2025-03-29
5,2025-03-30
6,2025-03-01
6,2025-03-03
6,2025-03-04
6,2025-03-05
6,2025-03-06
6,2025-03-08
6,2025-03-09
6,2025-03-11
6,2025-03-12
6,2025-03-14
6,2025-03-16
6,2025-03-17
6,2025-03-18
6,2025-03-19
6,2025-03-21
6,2025-03-22
6,2025-03-24
6,2025-03-25
6,2025-03-26
6,2025-03-27
6,2025-03-29
7,2025-03-01
7,2025-03-03
7,2025-03-04
7,2025-03-05
7,2025-03-07
7,2025-03-10
7,2025-03-11
7,2025-03-13
7,2025-03-14
7,2025-03-15
7,2025-03-17
7,2025-03-19
7,2025-03-20
7,2025-03-21
7,2025-03-22
7,2025-03-23
7,2025-03-24
7,2025-03-25
7,2025-03-26
7,2025-03-28
7,2025-03-29
7,2025-03-30
8,2025-03-01
8,2025-03-07
8,2025-03-08
8,2025-03-09
8,2025-03-10
8,2025-03-11
8,2025-03-12
8,2025-03-13
8,2025-03-14
8,2025-03-16
8,2025-03-17
8,2025-03-19
8,2025-03-21
8,2025-03-22
8,2025-03-25
8,2025-03-26
8,2025-03-27
8,2025-03-28
8,2025-03-29
8,2025-03-30
9,2025-03-06
9,2025-03-07
9,2025-03-08
9,2025-03-09
9,2025-03-11
9,2025-03-12
9,2025-03-14
9,2025-03-16
9,2025-03-21
9,2025-03-22
9,2025-03-23
9,2025-03-26
9,2025-03-27
9,2025-03-29
9,2025-03-30
10,2025-03-01
10,2025-03-03
10,2025-03-04
10,2025-03-05
10,2025-03-06
10,2025-03-07
10,2025-03-09
10,2025-03-10
10,2025-03-11
10,2025-03-12
10,2025-03-15
10,2025-03-16
10,2025-03-17
10,2025-03-18
10,2025-03-19
10,2025-03-21
10,2025-03-23
10,2025-03-24
10,2025-03-25
10,2025-03-27
10,2025-03-28
10,2025-03-29
11,2025-03-01
11,2025-03-03
11,2025-03-04
11,2025-03-05
11,2025-03-06
11,2025-03-07
11,2025-03-08
11,2025-03-09
11,2025-03-10
11,2025-03-11
11,2025-03-12
11,2025-03-14
11,2025-03-15
11,2025-03-17
11,2025-03-20
11,2025-03-22
11,2025-03-23
11,2025-03-26
11,2025-03-27
11,2025-03-29
11,2025-03-30
12,2025-03-01
12,2025-03-02
12,2025-03-04
12,2025-03-07
12,2025-03-09
12,2025-03-10
12,2025-03-11
12,2025-03-12
12,2025-03-13
12,2025-03-14
12,2025-03-15
12,2025-03-16
12,2025-03-17
12,2025-03-18
12,2025-03-19
12,2025-03-21
12,2025-03-25
12,2025-03-26
12,2025-03-27
12,2025-03-28
13,2025-03-01
13,2025-03-03
13,2025-03-06
13,2025-03-08
13,2025-03-09
13,2025-03-10
13,2025-03-12
13,2025-03-13
13,2025-03-14
13,2025-03-15
13,2025-03-16
13,2025-03-17
13,2025-03-18
13,2025-03-19
13,2025-03-20
13,2025-03-21
13,2025-03-22
13,2025-03-24
13,2025-03-27
13,2025-03-28
13,2025-03-29
13,2025-03-30
14,2025-03-03
14,2025-03-06
14,2025-03-07
14,2025-03-08
14,2025-03-09
14,2025-03-10
14,2025-03-12
14,2025-03-14
14,2025-03-15
14,2025-03-16
14,2025-03-17
14,2025-03-18
14,2025-03-19
14,2025-03-20
14,2025-03-21
14,2025-03-22
14,2025-03-23
14,2025-03-24
14,2025-03-25
14,2025-03-27
14,2025-03-28
14,2025-03-29
15,2025-03-01
15,2025-03-06
15,2025-03-07
15,2025-03-08
15,2025-03-09
15,2025-03-12
15,2025-03-13
15,2025-03-15
15,2025-03-16
15,2025-03-23
15,2025-03-24
15,2025-03-25
15,2025-03-26
15,2025-03-27
15,2025-03-28
15,2025-03-29
16,2025-03-01
16,2025-03-02
16,2025-03-03
16,2025-03-04
16,2025-03-06
16,2025-03-10
16,2025-03-11
16,2025-03-13
16,2025-03-14
16,2025-03-15
16,2025-03-19
16,2025-03-20
16,2025-03-21
16,2025-03-23
16,2025-03-24
16,2025-03-25
16,2025-03-27
16,2025-03-28
16,2025-03-29
17,2025-03-01
17,2025-03-03
17,2025-03-06
17,2025-03-07
17,2025-03-08
17,2025-03-09
17,2025-03-13
17,2025-03-14
17,2025-03-15
17,2025-03-17
17,2025-03-18
17,2025-03-21
17,2025-03-23
17,2025-03-25
17,2025-03-26
17,2025-03-28
17,2025-03-29
17,2025-03-30
18,2025-03-01
18,2025-03-02
18,2025-03-03
18,2025-03-04
18,2025-03-06
18,2025-03-07
18,2025-03-10
18,2025-03-12
18,2025-03-13
18,2025-03-16
18,2025-03-18
18,2025-03-19
18,2025-03-20
18,2025-03-21
18,2025-03-23
18,2025-03-25
18,2025-03-26
18,2025-03-27
18,2025-03-28
18,2025-03-29
18,2025-03-30
19,2025-03-02
19,2025-03-03
19,2025-03-05
19,2025-03-06
19,2025-03-07
19,2025-03-08
19,2025-03-09
19,2025-03-10
19,2025-03-11
19,2025-03-12
19,2025-03-13
19,2025-03-15
19,2025-03-17
19,2025-03-18
19,2025-03-19
19,2025-03-21
19,2025-03-22
19,2025-03-23
19,2025-03-24
19,2025-03-26
19,2025-03-27
19,2025-03-29
20,2025-03-01
20,2025-03-04
20,2025-03-05
20,2025-03-06
20,2025-03-08
20,2025-03-10
20,2025-03-12
20,2025-03-14
20,2025-03-16
20,2025-03-17
20,2025-03-18
20,2025-03-19
20,2025-03-20
20,2025-03-22
20,2025-03-24
20,2025-03-25
20,2025-03-27
20,2025-03-28
21,2025-03-01
21,2025-03-02
21,2025-03-03
21,2025-03-07
21,2025-03-09
21,2025-03-10
21,2025-03-12
21,2025-03-15
21,2025-03-16
21,2025-03-18
21,2025-03-19
21,2025-03-20
21,2025-03-22
21,2025-03-23
21,2025-03-24
21,2025-03-26
21,2025-03-27
21,2025-03-29
22,2025-03-01
22,2025-03-04
22,2025-03-05
22,2025-03-06
22,2025-03-10
22,2025-03-11
22,2025-03-13
22,2025-03-14
22,2025-03-16
22,2025-03-17
22,2025-03-18
22,2025-03-19
22,2025-03-22
22,2025-03-24
22,2025-03-25
22,2025-03-26
22,2025-03-27
22,2025-03-28
22,2025-03-29
23,2025-03-01
23,2025-03-02
23,2025-03-03
23,2025-03-04
23,2025-03-05
23,2025-03-06
23,2025-03-08
23,2025-03-10
23,2025-03-11
23,2025-03-13
23,2025-03-15
23,2025-03-16
23,2025-03-19
23,2025-03-20
23,2025-03-21
23,2025-03-22
23,2025-03-27
23,2025-03-29
23,2025-03-30
24,2025-03-01
24,2025-03-02
24,2025-03-04
24,2025-03-05
24,2025-03-06
24,2025-03-08
24,2025-03-09
24,2025-03-10
24,2025-03-11
24,2025-03-14
24,2025-03-17
24,2025-03-19
24,2025-03-20
24,2025-03-22
24,2025-03-25
24,2025-03-26
24,2025-03-28
24,2025-03-30
25,2025-03-01
25,2025-03-02
25,2025-03-03
25,2025-03-04
25,2025-03-06
25,2025-03-10
25,2025-03-11
25,2025-03-12
25,2025-03-13
25,2025-03-14
25,2025-03-15
25,2025-03-16
25,2025-03-17
25,2025-03-19
25,2025-03-22
25,2025-03-24
25,2025-03-26
25,2025-03-27
25,2025-03-28
25,2025-03-29
26,2025-03-02
26,2025-03-03
26,2025-03-04
26,2025-03-05
26,2025-03-06
26,2025-03-08
26,2025-03-11
26,2025-03-12
26,2025-03-13
26,2025-03-14
26,2025-03-15
26,2025-03-16
26,2025-03-17
26,2025-03-18
26,2025-03-23
26,2025-03-24
26,2025-03-25
26,2025-03-26
26,2025-03-27
26,2025-03-28
26,2025-03-29
26,2025-03-30
27,2025-03-01
27,2025-03-02
27,2025-03-03
27,2025-03-04
27,2025-03-06
27,2025-03-07
27,2025-03-08
27,2025-03-09
27,2025-03-11
27,2025-03-12
27,2025-03-13
27,2025-03-14
27,2025-03-15
27,2025-03-17
27,2025-03-19
27,2025-03-20
27,2025-03-21
27,2025-03-22
27,2025-03-25
27,2025-03-26
27,2025-03-28
28,2025-03-02
28,2025-03-03
28,2025-03-04
28,2025-03-05
28,2025-03-06
28,2025-03-07
28,2025-03-08
28,2025-03-10
28,2025-03-13
28,2025-03-15
28,2025-03-17
28,2025-03-20
28,2025-03-21
28,2025-03-22
28,2025-03-23
28,2025-03-24
28,2025-03-25
28,2025-03-26
28,2025-03-27
28,2025-03-28
28,2025-03-29
28,2025-03-30
29,2025-03-01
29,2025-03-02
29,2025-03-05
29,2025-03-06
29,2025-03-08
29,2025-03-10
29,2025-03-12
29,2025-03-15
29,2025-03-19
29,2025-03-20
29,2025-03-24
29,2025-03-26
29,2025-03-27
29,2025-03-28
29,2025-03-29
30,2025-03-01
30,2025-03-03
30,2025-03-05
30,2025-03-06
30,2025-03-07
30,2025-03-08
30,2025-03-10
30,2025-03-15
30,2025-03-16
30,2025-03-17
30,2025-03-18
30,2025-03-20
30,2025-03-21
30,2025-03-22
30,2025-03-24
30,2025-03-25
30,2025-03-28
30,2025-03-30
31,2025-03-01
31,2025-03-02
31,2025-03-03
31,2025-03-04
31,2025-03-06
31,2025-03-07
31,2025-03-08
31,2025-03-10
31,2025-03-11
31,2025-03-14
31,2025-03-15
31,2025-03-17
31,2025-03-22
31,2025-03-23
31,2025-03-25
31,2025-03-26
31,2025-03-27
31,2025-03-28
31,2025-03-29
31,2025-03-30
32,2025-03-03
32,2025-03-04
32,2025-03-05
32,2025-03-06
32,2025-03-08
32,2025-03-09
32,2025-03-10
32,2025-03-11
32,2025-03-13
32,2025-03-15
32,2025-03-16
32,2025-03-18
32,2025-03-21
32,2025-03-22
32,2025-03-24
32,2025-03-25
32,2025-03-27
32,2025-03-28
32,2025-03-29
33,2025-03-03
33,2025-03-05
33,2025-03-08
33,2025-03-09
33,2025-03-14
33,2025-03-15
33,2025-03-16
33,2025-03-18
33,2025-03-20
33,2025-03-21
33,2025-03-24
33,2025-03-25
33,2025-03-26
33,2025-03-27
33,2025-03-28
33,2025-03-29
33,2025-03-30
34,2025-03-03
34,2025-03-05
34,2025-03-09
34,2025-03-10
34,2025-03-12
34,2025-03-13
34,2025-03-14
34,2025-03-15
34,2025-03-16
34,2025-03-17
34,2025-03-20
34,2025-03-22
34,2025-03-25
34,2025-03-26
34,2025-03-27
34,2025-03-28
34,2025-03-29
35,2025-03-02
35,2025-03-03
35,2025-03-05
35,2025-03-06
35,2025-03-07
35,2025-03-08
35,2025-03-09
35,2025-03-11
35,2025-03-12
35,2025-03-13
35,2025-03-14
35,2025-03-15
35,2025-03-17
35,2025-03-18
35,2025-03-21
35,2025-03-22
35,2025-03-24
35,2025-03-25
35,2025-03-26
35,2025-03-27
35,2025-03-28
35,2025-03-29
35,2025-03-30
36,2025-03-01
36,2025-03-02
36,2025-03-03
36,2025-03-04
36,2025-03-05
36,2025-03-06
36,2025-03-07
36,2025-03-09
36,2025-03-10
36,2025-03-11
36,2025-03-12
36,2025-03-13
36,2025-03-16
36,2025-03-19
36,2025-03-20
36,2025-03-21
36,2025-03-22
36,2025-03-25
36,2025-03-27
36,2025-03-28
37,2025-03-02
37,2025-03-03
37,2025-03-05
37,2025-03-08
37,2025-03-11
37,2025-03-13
37,2025-03-14
37,2025-03-15
37,2025-03-16
37,2025-03-18
37,2025-03-19
37,2025-03-20
37,2025-03-21
37,2025-03-23
37,2025-03-24
37,2025-03-26
37,2025-03-27
37,2025-03-28
38,2025-03-01
38,2025-03-03
38,2025-03-06
38,2025-03-07
38,2025-03-08
38,2025-03-09
38,2025-03-10
38,2025-03-12
38,2025-03-14
38,2025-03-15
38,2025-03-16
38,2025-03-18
38,2025-03-19
38,2025-03-20
38,2025-03-23
38,2025-03-24
38,2025-03-26
38,2025-03-27
38,2025-03-28
38,2025-03-30
39,2025-03-01
39,2025-03-02
39,2025-03-06
39,2025-03-07
39,2025-03-08
39,2025-03-13
39,2025-03-14
39,2025-03-15
39,2025-03-16
39,2025-03-18
39,2025-03-20
39,2025-03-24
39,2025-03-26
39,2025-03-27
39,2025-03-28
39,2025-03-29
39,2025-03-30
40,2025-03-03
40,2025-03-05
40,2025-03-06
40,2025-03-08
40,2025-03-10
40,2025-03-13
40,2025-03-14
40,2025-03-16
40,2025-03-18
40,2025-03-21
40,2025-03-23
40,2025-03-24
40,2025-03-25
40,2025-03-26
40,2025-03-28
40,2025-03-30
41,2025-03-01
41,2025-03-02
41,2025-03-03
41,2025-03-04
41,2025-03-05
41,2025-03-06
41,2025-03-08
41,2025-03-11
41,2025-03-12
41,2025-03-13
41,2025-03-14
41,2025-03-15
41,2025-03-16
41,2025-03-18
41,2025-03-19
41,2025-03-20
41,2025-03-21
41,2025-03-22
41,2025-03-24
41,2025-03-27
41,2025-03-30
42,2025-03-01
42,2025-03-02
42,2025-03-04
42,2025-03-06
42,2025-03-08
42,2025-03-09
42,2025-03-10
42,2025-03-11
42,2025-03-16
42,2025-03-18
42,2025-03-20
42,2025-03-21
42,2025-03-22
42,2025-03-23
42,2025-03-25
42,2025-03-26
42,2025-03-27
42,2025-03-28
42,2025-03-29
42,2025-03-30
43,2025-03-01
43,2025-03-02
43,2025-03-04
43,2025-03-09
43,2025-03-10
43,2025-03-11
43,2025-03-12
43,2025-03-13
43,2025-03-15
43,2025-03-16
43,2025-03-17
43,2025-03-18
43,2025-03-19
43,2025-03-21
43,2025-03-27
43,2025-03-28
43,2025-03-29
43,2025-03-30
44,2025-03-01
44,2025-03-02
44,2025-03-03
44,2025-03-04
44,2025-03-06
44,2025-03-08
44,2025-03-09
44,2025-03-10
44,2025-03-11
44,2025-03-14
44,2025-03-15
44,2025-03-16
44,2025-03-19
44,2025-03-20
44,2025-03-22
44,2025-03-24
44,2025-03-27
44,2025-03-28
44,2025-03-29
44,2025-03-30
45,2025-03-02
45,2025-03-04
45,2025-03-06
45,2025-03-09
45,2025-03-11
45,2025-03-12
45,2025-03-14
45,2025-03-17
45,2025-03-19
45,2025-03-20
45,2025-03-22
45,2025-03-23
45,2025-03-25
45,2025-03-28
45,2025-03-29
46,2025-03-02
46,2025-03-03
46,2025-03-05
46,2025-03-07
46,2025-03-08
46,2025-03-09
46,2025-03-10
46,2025-03-11
46,2025-03-12
46,2025-03-13
46,2025-03-14
46,2025-03-15
46,2025-03-16
46,2025-03-17
46,2025-03-18
46,2025-03-19
46,2025-03-20
46,2025-03-21
46,2025-03-22
46,2025-03-23
46,2025-03-24
46,2025-03-25
46,2025-03-26
46,2025-03-30
47,2025-03-01
47,2025-03-02
47,2025-03-03
47,2025-03-04
47,2025-03-05
47,2025-03-06
47,2025-03-07
47,2025-03-08
47,2025-03-09
47,2025-03-10
47,2025-03-11
47,2025-03-12
47,2025-03-13
47,2025-03-14
47,2025-03-15
47,2025-03-16
47,2025-03-17
47,2025-03-19
47,2025-03-20
47,2025-03-22
47,2025-03-23
47,2025-03-27
47,2025-03-28
47,2025-03-30
48,2025-03-01
48,2025-03-04
48,2025-03-06
48,2025-03-07
48,2025-03-08
48,2025-03-09
48,2025-03-11
48,2025-03-12
48,2025-03-13
48,2025-03-14
48,2025-03-15
48,2025-03-17
48,2025-03-19
48,2025-03-21
48,2025-03-22
48,2025-03-26
48,2025-03-27
48,2025-03-28
48,2025-03-29
49,2025-03-03
49,2025-03-05
49,2025-03-06
49,2025-03-07
49,2025-03-10
49,2025-03-12
49,2025-03-14
49,2025-03-15
49,2025-03-16
49,2025-03-19
49,2025-03-20
49,2025-03-21
49,2025-03-24
49,2025-03-27
49,2025-03-28
49,2025-03-29
49,2025-03-30
50,2025-03-01
50,2025-03-02
50,2025-03-03
50,2025-03-04
50,2025-03-05
50,2025-03-07
50,2025-03-08
50,2025-03-09
50,2025-03-10
50,2025-03-11
50,2025-03-12
50,2025-03-14
50,2025-03-16
50,2025-03-17
50,2025-03-18
50,2025-03-19
50,2025-03-20
50,2025-03-21
50,2025-03-22
50,2025-03-24
50,2025-03-25
50,2025-03-27
50,2025-03-29
51,2025-03-01
51,2025-03-03
51,2025-03-04
51,2025-03-05
51,2025-03-06
51,2025-03-08
51,2025-03-09
51,2025-03-10
51,2025-03-11
51,2025-03-12
51,2025-03-13
51,2025-03-14
51,2025-03-15
51,2025-03-16
51,2025-03-17
51,2025-03-19
51,2025-03-22
51,2025-03-23
51,2025-03-25
51,2025-03-26
51,2025-03-27
51,2025-03-28
51,2025-03-30
52,2025-03-01
52,2025-03-02
52,2025-03-03
52,2025-03-04
52,2025-03-05
52,2025-03-07
52,2025-03-10
52,2025-03-11
52,2025-03-12
52,2025-03-13
52,2025-03-14
52,2025-03-15
52,2025-03-16
52,2025-03-18
52,2025-03-19
52,2025-03-20
52,2025-03-21
52,2025-03-22
52,2025-03-23
52,2025-03-25
52,2025-03-27
52,2025-03-28
52,2025-03-29
52,2025-03-30
53,2025-03-01
53,2025-03-02
53,2025-03-03
53,2025-03-04
53,2025-03-05
53,2025-03-08
53,2025-03-09
53,2025-03-11
53,2025-03-13
53,2025-03-14
53,2025-03-15
53,2025-03-17
53,2025-03-18
53,2025-03-19
53,2025-03-20
53,2025-03-21
53,2025-03-24
53,2025-03-25
53,2025-03-26
53,2025-03-29
54,2025-03-01
54,2025-03-03
54,2025-03-05
54,2025-03-08
54,2025-03-10
54,2025-03-11
54,2025-03-13
54,2025-03-16
54,2025-03-18
54,2025-03-19
54,2025-03-21
54,2025-03-22
54,2025-03-23
54,2025-03-24
54,2025-03-25
54,2025-03-26
54,2025-03-27
54,2025-03-28
54,2025-03-29
54,2025-03-30
55,2025-03-02
55,2025-03-03
55,2025-03-07
55,2025-03-13
55,2025-03-15
55,2025-03-20
55,2025-03-21
55,2025-03-22
55,2025-03-23
55,2025-03-24
55,2025-03-25
55,2025-03-27
55,2025-03-28
55,2025-03-29
56,2025-03-01
56,2025-03-03
56,2025-03-04
56,2025-03-08
56,2025-03-10
56,2025-03-11
56,2025-03-12
56,2025-03-13
56,2025-03-14
56,2025-03-15
56,2025-03-16
56,2025-03-18
56,2025-03-19
56,2025-03-20
56,2025-03-21
56,2025-03-22
56,2025-03-24
56,2025-03-25
56,2025-03-27
56,2025-03-28
56,2025-03-30
57,2025-03-01
57,2025-03-03
57,2025-03-05
57,2025-03-06
57,2025-03-07
57,2025-03-09
57,2025-03-11
57,2025-03-12
57,2025-03-14
57,2025-03-15
57,2025-03-16
57,2025-03-18
57,2025-03-21
57,2025-03-22
57,2025-03-23
57,2025-03-24
57,2025-03-26
57,2025-03-30
58,2025-03-01
58,2025-03-02
58,2025-03-03
58,2025-03-05
58,2025-03-06
58,2025-03-08
58,2025-03-11
58,2025-03-13
58,2025-03-14
58,2025-03-15
58,2025-03-17
58,2025-03-19
58,2025-03-20
58,2025-03-21
58,2025-03-24
58,2025-03-25
58,2025-03-27
58,2025-03-28
58,2025-03-30
59,2025-03-01
59,2025-03-02
59,2025-03-03
59,2025-03-04
59,2025-03-05
59,2025-03-06
59,2025-03-11
59,2025-03-12
59,2025-03-13
59,2025-03-15
59,2025-03-16
59,2025-03-19
59,2025-03-20
59,2025-03-21
59,2025-03-22
59,2025-03-23
59,2025-03-27
59,2025-03-29
59,2025-03-30
60,2025-03-05
60,2025-03-06
60,2025-03-07
60,2025-03-08
60,2025-03-09
60,2025-03-11
60,2025-03-12
60,2025-03-13
60,2025-03-14
60,2025-03-16
60,2025-03-17
60,2025-03-18
60,2025-03-19
60,2025-03-20
60,2025-03-21
60,2025-03-22
60,2025-03-24
60,2025-03-25
60,2025-03-26
60,2025-03-29
61,2025-03-03
61,2025-03-04
61,2025-03-05
61,2025-03-06
61,2025-03-07
61,2025-03-08
61,2025-03-11
61,2025-03-14
61,2025-03-16
61,2025-03-19
61,2025-03-20
61,2025-03-22
61,2025-03-25
61,2025-03-27
61,2025-03-28
61,2025-03-30
62,2025-03-01
62,2025-03-02
62,2025-03-03
62,2025-03-04
62,2025-03-05
62,2025-03-06
62,2025-03-07
62,2025-03-08
62,2025-03-09
62,2025-03-11
62,2025-03-12
62,2025-03-13
62,2025-03-15
62,2025-03-16
62,2025-03-17
62,2025-03-18
62,2025-03-21
62,2025-03-24
62,2025-03-25
62,2025-03-26
62,2025-03-28
62,2025-03-29
62,2025-03-30
63,2025-03-01
63,2025-03-03
63,2025-03-07
63,2025-03-08
63,2025-03-09
63,2025-03-11
63,2025-03-12
63,2025-03-13
63,2025-03-14
63,2025-03-15
63,2025-03-16
63,2025-03-17
63,2025-03-18
63,2025-03-19
63,2025-03-20
63,2025-03-22
63,2025-03-25
63,2025-03-26
63,2025-03-27
63,2025-03-28
63,2025-03-29
64,2025-03-03
64,2025-03-07
64,2025-03-08
64,2025-03-09
64,2025-03-10
64,2025-03-11
64,2025-03-14
64,2025-03-17
64,2025-03-19
64,2025-03-21
64,2025-03-22
64,2025-03-23
64,2025-03-25
64,2025-03-26
64,2025-03-27
64,2025-03-29
64,2025-03-30
65,2025-03-01
65,2025-03-05
65,2025-03-06
65,2025-03-07
65,2025-03-08
65,2025-03-10
65,2025-03-11
65,2025-03-12
65,2025-03-13
65,2025-03-14
65,2025-03-15
65,2025-03-17
65,2025-03-18
65,2025-03-19
65,2025-03-20
65,2025-03-21
65,2025-03-25
65,2025-03-27
65,2025-03-28
65,2025-03-29
65,2025-03-30
66,2025-03-01
66,2025-03-03
66,2025-03-05
66,2025-03-06
66,2025-03-07
66,2025-03-09
66,2025-03-10
66,2025-03-12
66,2025-03-13
66,2025-03-16
66,2025-03-18
66,2025-03-19
66,2025-03-20
66,2025-03-21
66,2025-03-22
66,2025-03-24
66,2025-03-25
66,2025-03-27
66,2025-03-28
67,2025-03-01
67,2025-03-02
67,2025-03-03
67,2025-03-04
67,2025-03-05
67,2025-03-07
67,2025-03-08
67,2025-03-10
67,2025-03-11
67,2025-03-12
67,2025-03-13
67,2025-03-15
67,2025-03-16
67,2025-03-17
67,2025-03-18
67,2025-03-19
67,2025-03-20
67,2025-03-21
67,2025-03-22
67,2025-03-23
67,2025-03-24
67,2025-03-26
67,2025-03-27
68,2025-03-02
68,2025-03-03
68,2025-03-04
68,2025-03-06
68,2025-03-07
68,2025-03-08
68,2025-03-09
68,2025-03-10
68,2025-03-13
68,2025-03-15
68,2025-03-19
68,2025-03-21
68,2025-03-24
68,2025-03-26
68,2025-03-29
69,2025-03-02
69,2025-03-03
69,2025-03-07
69,2025-03-10
69,2025-03-11
69,2025-03-12
69,2025-03-15
69,2025-03-16
69,2025-03-17
69,2025-03-18
69,2025-03-19
69,2025-03-20
69,2025-03-21
69,2025-03-22
69,2025-03-24
69,2025-03-25
69,2025-03-29
69,2025-03-30
70,2025-03-01
70,2025-03-07
70,2025-03-09
70,2025-03-10
70,2025-03-11
70,2025-03-12
70,2025-03-13
70,2025-03-17
70,2025-03-18
70,2025-03-23
70,2025-03-24
70,2025-03-25
70,2025-03-26
70,2025-03-28
71,2025-03-02
71,2025-03-05
71,2025-03-06
71,2025-03-09
71,2025-03-10
71,2025-03-12
71,2025-03-14
71,2025-03-16
71,2025-03-18
71,2025-03-20
71,2025-03-22
71,2025-03-23
71,2025-03-24
71,2025-03-25
71,2025-03-26
71,2025-03-27
71,2025-03-28
71,2025-03-29
72,2025-03-03
72,2025-03-04
72,2025-03-05
72,2025-03-06
72,2025-03-07
72,2025-03-11
72,2025-03-12
72,2025-03-14
72,2025-03-15
72,2025-03-17
72,2025-03-18
72,2025-03-19
72,2025-03-21
72,2025-03-23
72,2025-03-24
72,2025-03-25
72,2025-03-26
72,2025-03-27
72,2025-03-29
73,2025-03-01
73,2025-03-02
73,2025-03-03
73,2025-03-04
73,2025-03-08
73,2025-03-09
73,2025-03-10
73,2025-03-11
73,2025-03-12
73,2025-03-14
73,2025-03-15
73,2025-03-16
73,2025-03-17
73,2025-03-19
73,2025-03-20
73,2025-03-21
73,2025-03-22
73,2025-03-23
73,2025-03-24
73,2025-03-26
73,2025-03-27
73,2025-03-28
73,2025-03-30
74,2025-03-01
74,2025-03-02
74,2025-03-04
74,2025-03-05
74,2025-03-06
74,2025-03-07
74,2025-03-08
74,2025-03-09
74,2025-03-10
74,2025-03-13
74,2025-03-14
74,2025-03-15
74,2025-03-17
74,2025-03-18
74,2025-03-21
74,2025-03-22
74,2025-03-24
74,2025-03-26
74,2025-03-27
74,2025-03-30
75,2025-03-04
75,2025-03-05
75,2025-03-07
75,2025-03-11
75,2025-03-12
75,2025-03-14
75,2025-03-16
75,2025-03-18
75,2025-03-21
75,2025-03-22
75,2025-03-23
75,2025-03-24
75,2025-03-25
75,2025-03-26
75,2025-03-29
75,2025-03-30
76,2025-03-01
76,2025-03-02
76,2025-03-03
76,2025-03-04
76,2025-03-08
76,2025-03-09
76,2025-03-10
76,2025-03-11
76,2025-03-12
76,2025-03-13
76,2025-03-14
76,2025-03-15
76,2025-03-16
76,2025-03-17
76,2025-03-18
76,2025-03-19
76,2025-03-20
76,2025-03-22
76,2025-03-24
76,2025-03-25
76,2025-03-29
77,2025-03-01
77,2025-03-02
77,2025-03-03
77,2025-03-05
77,2025-03-07
77,2025-03-09
77,2025-03-11
77,2025-03-12
77,2025-03-13
77,2025-03-14
77,2025-03-15
77,2025-03-21
77,2025-03-22
77,2025-03-23
77,2025-03-24
77,2025-03-25
77,2025-03-28
77,2025-03-29
78,2025-03-02
78,2025-03-03
78,2025-03-06
78,2025-03-08
78,2025-03-09
78,2025-03-10
78,2025-03-11
78,2025-03-12
78,2025-03-13
78,2025-03-14
78,2025-03-16
78,2025-03-17
78,2025-03-18
78,2025-03-22
78,2025-03-23
78,2025-03-24
78,2025-03-25
78,2025-03-28
78,2025-03-30
79,2025-03-01
79,2025-03-02
79,2025-03-05
79,2025-03-07
79,2025-03-08
79,2025-03-09
79,2025-03-10
79,2025-03-12
79,2025-03-14
79,2025-03-15
79,2025-03-16
79,2025-03-17
79,2025-03-18
79,2025-03-19
79,2025-03-22
79,2025-03-23
79,2025-03-24
79,2025-03-27
79,2025-03-28
79,2025-03-29
79,2025-03-30
80,2025-03-01
80,2025-03-02
80,2025-03-04
80,2025-03-06
80,2025-03-09
80,2025-03-10
80,2025-03-15
80,2025-03-21
80,2025-03-22
80,2025-03-23
80,2025-03-24
80,2025-03-26
80,2025-03-27
80,2025-03-29
80,2025-03-30
81,2025-03-04
81,2025-03-08
81,2025-03-09
81,2025-03-10
81,2025-03-11
81,2025-03-14
81,2025-03-16
81,2025-03-17
81,2025-03-18
81,2025-03-20
81,2025-03-22
81,2025-03-23
81,2025-03-24
81,2025-03-26
81,2025-03-28
81,2025-03-30
82,2025-03-02
82,2025-03-04
82,2025-03-05
82,2025-03-06
82,2025-03-08
82,2025-03-09
82,2025-03-10
82,2025-03-11
82,2025-03-13
82,2025-03-14
82,2025-03-17
82,2025-03-18
82,2025-03-19
82,2025-03-20
82,2025-03-21
82,2025-03-22
82,2025-03-24
82,2025-03-26
82,2025-03-28
82,2025-03-29
82,2025-03-30
83,2025-03-01
83,2025-03-03
83,2025-03-04
83,2025-03-05
83,2025-03-06
83,2025-03-07
83,2025-03-08
83,2025-03-10
83,2025-03-12
83,2025-03-13
83,2025-03-15
83,2025-03-16
83,2025-03-17
83,2025-03-18
83,2025-03-19
83,2025-03-21
83,2025-03-22
83,2025-03-24
83,2025-03-25
83,2025-03-28
83,2025-03-30
84,2025-03-01
84,2025-03-04
84,2025-03-05
84,2025-03-07
84,2025-03-09
84,2025-03-10
84,2025-03-11
84,2025-03-13
84,2025-03-15
84,2025-03-16
84,2025-03-17
84,2025-03-21
84,2025-03-23
84,2025-03-24
84,2025-03-25
84,2025-03-26
84,2025-03-27
84,2025-03-29
84,2025-03-30
85,2025-03-03
85,2025-03-04
85,2025-03-05
85,2025-03-07
85,2025-03-09
85,2025-03-10
85,2025-03-11
85,2025-03-12
85,2025-03-13
85,2025-03-14
85,2025-03-15
85,2025-03-16
85,2025-03-18
85,2025-03-19
85,2025-03-20
85,2025-03-21
85,2025-03-23
85,2025-03-24
85,2025-03-29
85,2025-03-30
86,2025-03-01
86,2025-03-03
86,2025-03-04
86,2025-03-05
86,2025-03-07
86,2025-03-08
86,2025-03-09
86,2025-03-10
86,2025-03-11
86,2025-03-12
86,2025-03-14
86,2025-03-16
86,2025-03-18
86,2025-03-21
86,2025-03-22
86,2025-03-23
86,2025-03-24
86,2025-03-26
86,2025-03-28
86,2025-03-29
87,2025-03-01
87,2025-03-02
87,2025-03-05
87,2025-03-07
87,2025-03-09
87,2025-03-11
87,2025-03-12
87,2025-03-13
87,2025-03-16
87,2025-03-17
87,2025-03-18
87,2025-03-19
87,2025-03-23
87,2025-03-25
87,2025-03-26
87,2025-03-27
87,2025-03-28
87,2025-03-29
88,2025-03-03
88,2025-03-04
88,2025-03-07
88,2025-03-08
88,2025-03-10
88,2025-03-12
88,2025-03-13
88,2025-03-15
88,2025-03-17
88,2025-03-19
88,2025-03-20
88,2025-03-21
88,2025-03-25
88,2025-03-26
88,2025-03-27
88,2025-03-29
88,2025-03-30
89,2025-03-01
89,2025-03-02
89,2025-03-03
89,2025-03-04
89,2025-03-06
89,2025-03-08
89,2025-03-09
89,2025-03-10
89,2025-03-12
89,2025-03-13
89,2025-03-14
89,2025-03-15
89,2025-03-16
89,2025-03-17
89,2025-03-18
89,2025-03-19
89,2025-03-20
89,2025-03-21
89,2025-03-24
89,2025-03-25
89,2025-03-26
89,2025-03-27
89,2025-03-28
89,2025-03-29
89,2025-03-30
90,2025-03-03
90,2025-03-05
90,2025-03-06
90,2025-03-09
90,2025-03-10
90,2025-03-12
90,2025-03-13
90,2025-03-14
90,2025-03-17
90,2025-03-18
90,2025-03-19
90,2025-03-21
90,2025-03-22
90,2025-03-25
90,2025-03-26
90,2025-03-29
91,2025-03-01
91,2025-03-04
91,2025-03-05
91,2025-03-06
91,2025-03-07
91,2025-03-10
91,2025-03-11
91,2025-03-13
91,2025-03-14
91,2025-03-16
91,2025-03-17
91,2025-03-18
91,2025-03-20
91,2025-03-21
91,2025-03-25
91,2025-03-28
91,2025-03-29
91,2025-03-30
92,2025-03-03
92,2025-03-08
92,2025-03-09
92,2025-03-10
92,2025-03-11
92,2025-03-12
92,2025-03-17
92,2025-03-19
92,2025-03-20
92,2025-03-21
92,2025-03-22
92,2025-03-23
92,2025-03-25
92,2025-03-28
93,2025-03-01
93,2025-03-02
93,2025-03-03
93,2025-03-05
93,2025-03-07
93,2025-03-08
93,2025-03-09
93,2025-03-12
93,2025-03-14
93,2025-03-16
93,2025-03-21
93,2025-03-22
93,2025-03-25
93,2025-03-28
94,2025-03-01
94,2025-03-02
94,2025-03-03
94,2025-03-04
94,2025-03-05
94,2025-03-11
94,2025-03-13
94,2025-03-14
94,2025-03-17
94,2025-03-18
94,2025-03-20
94,2025-03-21
94,2025-03-22
94,2025-03-23
94,2025-03-24
94,2025-03-25
94,2025-03-26
94,2025-03-27
94,2025-03-28
94,2025-03-29
95,2025-03-01
95,2025-03-02
95,2025-03-03
95,2025-03-04
95,2025-03-06
95,2025-03-08
95,2025-03-09
95,2025-03-10
95,2025-03-12
95,2025-03-13
95,2025-03-14
95,2025-03-15
95,2025-03-16
95,2025-03-17
95,2025-03-18
95,2025-03-19
95,2025-03-20
95,2025-03-21
95,2025-03-22
95,2025-03-23
95,2025-03-24
95,2025-03-26
95,2025-03-30
96,2025-03-02
96,2025-03-04
96,2025-03-05
96,2025-03-08
96,2025-03-11
96,2025-03-12
96,2025-03-13
96,2025-03-16
96,2025-03-18
96,2025-03-19
96,2025-03-21
96,2025-03-22
96,2025-03-24
96,2025-03-26
96,2025-03-27
96,2025-03-28
97,2025-03-02
97,2025-03-03
97,2025-03-04
97,2025-03-08
97,2025-03-11
97,2025-03-12
97,2025-03-13
97,2025-03-14
97,2025-03-15
97,2025-03-17
97,2025-03-18
97,2025-03-19
97,2025-03-20
97,2025-03-21
97,2025-03-22
97,2025-03-23
97,2025-03-24
97,2025-03-26
97,2025-03-27
97,2025-03-28
97,2025-03-30
98,2025-03-02
98,2025-03-04
98,2025-03-06
98,2025-03-07
98,2025-03-09
98,2025-03-10
98,2025-03-12
98,2025-03-13
98,2025-03-14
98,2025-03-15
98,2025-03-17
98,2025-03-19
98,2025-03-24
98,2025-03-26
98,2025-03-27
98,2025-03-28
98,2025-03-29
98,2025-03-30
99,2025-03-01
99,2025-03-03
99,2025-03-06
99,2025-03-07
99,2025-03-08
99,2025-03-09
99,2025-03-10
99,2025-03-11
99,2025-03-13
99,2025-03-14
99,2025-03-20
99,2025-03-21
99,2025-03-22
99,2025-03-23
99,2025-03-24
99,2025-03-26
99,2025-03-27
99,2025-03-28
99,2025-03-30
100,2025-03-01
100,2025-03-03
100,2025-03-04
100,2025-03-05
100,2025-03-06
100,2025-03-07
100,2025-03-08
100,2025-03-09
100,2025-03-10
100,2025-03-11
100,2025-03-12
100,2025-03-13
100,2025-03-14
100,2025-03-16
100,2025-03-18
100,2025-03-21
100,2025-03-22
100,2025-03-23
100,2025-03-24
100,2025-03-25
100,2025-03-26
100,2025-03-29
100,2025-03-30
